name,phone_number,description
Brad Smith,6034944147,My mouse stopped working.
Noell Houliston,3808420595,Multi-lateral upward-trending hub
Alida Tomlett,5304936928,Synergistic dedicated initiative
Matty Sauter,5671171591,Advanced actuating flexibility
Sayers Prosch,2045199192,Grass-roots foreground superstructure
Webster Hansmann,8286750391,Triple-buffered executive infrastructure
Leola Gynn,8096472322,Sharable optimal migration
Vi Twede,5854575307,Persevering full-range strategy
Jerad Yuille,6323897362,Pre-emptive asynchronous productivity
Ruthie Lindwall,2278374804,Cross-platform actuating utilisation
Tallou Oade,7969950345,Profound even-keeled project
Angus Menichelli,9426650965,Face to face actuating firmware
Tessi Flaxman,4471938148,Quality-focused uniform success
Timotheus Zannotti,9927090863,Reactive multimedia leverage
Teodorico Claris,9959745919,Configurable empowering artificial intelligence
Adel Steuart,2836392626,Automated uniform time-frame
Chauncey Vesty,5085912435,Secured tertiary hierarchy
Belinda Jobb,5512666326,Configurable bifurcated workforce
August Parkhouse,1528016557,Open-source web-enabled attitude
Kyle Godlee,5364610047,Fundamental bifurcated access
Cassius Hylton,4411485752,Organic systemic capability
Briant Guitton,1442174810,Self-enabling optimal utilisation
Nomi Scrinage,1436893333,Down-sized zero tolerance instruction set
Rachele Manntschke,5862385928,Ergonomic leading edge product
Ulick Gayne,5393153158,Decentralized 3rd generation benchmark
Venus Rivitt,5697688801,Open-architected full-range encoding
Helga Beldan,3042797417,Profit-focused bifurcated application
Madelle Portman,8673887779,Cloned responsive open system
Brandi Chadbourne,2383595748,Cross-platform composite interface
Ax Eadon,2423370436,Upgradable dedicated knowledge base
Bonnibelle Artz,9008774172,Assimilated didactic projection
Jeni Wilse,8393786968,User-centric intermediate collaboration
Maje Heggadon,7209569701,Compatible multimedia implementation
Alexei Christophe,7814457204,Progressive local paradigm
Igor Toulamain,1715384436,Ergonomic asynchronous orchestration
Durante Rosendall,2311630732,User-friendly discrete implementation
Malena Agar,9704593487,Grass-roots responsive database
Birgit Messer,4074852981,Automated optimizing model
Norrie Riddles,6729937938,Inverse analyzing monitoring
Junette Chell,2027046805,Pre-emptive non-volatile website
Andra Ughetti,4261552975,Open-source eco-centric encryption
Mickie Polland,1792670986,Function-based zero tolerance benchmark
Ciro Bradock,6147354565,Devolved explicit support
Dyanne Trippack,6596357549,Exclusive encompassing moderator
Ring Santacrole,2131473372,Universal optimizing strategy
Emlynn Osan,4244655929,Extended mobile emulation
Vanya Oates,2931094989,Seamless global local area network
Heather Crehan,9081682021,Versatile multi-tasking system engine
Antonin McCrow,7089332161,Triple-buffered tangible process improvement
Sue Derington,2234017391,Inverse systematic support
Beulah Shipman,8418820163,Upgradable fresh-thinking hierarchy
Ginger Baldacco,6172518019,Fundamental 3rd generation array
Yvor Geer,4269507217,Cross-platform transitional encryption
Terri Wermerling,3684996396,Integrated real-time projection
Maribelle Kener,7499086409,Progressive scalable benchmark
Dorthea Pitts,6868210181,Programmable incremental algorithm
Deloris Leverett,2695220879,Cross-group regional conglomeration
Hewet Wynch,2295643229,Secured zero defect model
Jacquetta Doggart,7301759855,Networked discrete flexibility
Bendicty Cramphorn,2767413977,Open-source empowering process improvement
Viola Machans,4318196317,Upgradable foreground matrices
Bryn Jameson,2299382457,Pre-emptive hybrid functionalities
Ingrim Ludovico,2222665351,Centralized zero administration Graphic Interface
Wallas Wadelin,5063988811,Universal local synergy
Quintilla Ivakin,2309601740,Cloned scalable circuit
Giffard Pevreal,2422483014,Extended 24 hour productivity
Aland Wintersgill,8732721576,Switchable modular synergy
Hestia Iredell,2693231335,Function-based bi-directional benchmark
Jeannette O'Corhane,3636984510,Synchronised local moderator
Yasmin Dainty,2983435816,Grass-roots demand-driven installation
Lindie Edie,4991522110,Front-line motivating hardware
Westbrook Blennerhassett,3591909021,Distributed zero defect moratorium
Gert Sparway,3513441322,Ameliorated regional access
Violet Stickings,2845041679,Robust composite internet solution
Alec Maypowder,5595150604,Exclusive exuding throughput
Isaac Levings,1209400720,Proactive 24/7 structure
Salomon McMenamin,1618534297,Organic discrete time-frame
Britte Stare,7788369587,Streamlined background utilisation
Mireille Ferrie,7841539290,Implemented asymmetric archive
Luci Megahey,9349893812,Front-line stable installation
Salvidor Gettone,2699856617,Distributed uniform access
Wiatt Whettleton,5627741917,Configurable transitional artificial intelligence
Hatty Spreadbury,5868425844,Extended actuating secured line
Roselin Laughnan,9151593803,Reverse-engineered tangible matrices
Thomasin Joint,9161300226,Polarised stable database
Aylmer Ziem,3564294249,Assimilated radical paradigm
D'arcy Berggren,2348983242,Quality-focused explicit moratorium
Roz Sandwick,2133940182,Exclusive fault-tolerant firmware
Herschel Delagnes,6675075030,Quality-focused bifurcated help-desk
Olwen Jozefowicz,2192496673,Decentralized directional methodology
Lorette Seys,3135264874,Proactive even-keeled open system
Paolo May,7833477972,Switchable 5th generation process improvement
Sophi Vlasenkov,2797013731,Innovative multimedia knowledge base
Jasun Trevan,8754498386,Organic interactive throughput
Lotta Sally,9889553895,Synergistic foreground model
Doyle Winckles,2306295862,Extended logistical hub
Sara-ann Leverson,1183904194,Business-focused modular challenge
Zita Twallin,3686563935,Assimilated value-added knowledge base
Margarette Calverley,6605378060,Quality-focused bandwidth-monitored moratorium
Reinhard Edwin,3847000221,Multi-tiered dynamic data-warehouse
